Employee_Number ,Forename,Surname,Net Pay Feb,Net Pay March,Netpay_Diff
11106.00,First name ,Last name,1704.94,1704.95,1.00%
12827.00,First name ,Last name,43.19,43.19,0.00%
121027.00,First name ,Last name,2861.50,2861.50,0.00%
121143.00,First name ,Last name,1847.14,1847.14,0.00%
121579.00,First name ,Last name,112.13,112.13,0.00%
125172.00,First name ,Last name,2089.08,2089.12,4.00%
125635.00,First name ,Last name,209.04,209.04,0.00%
125813.00,First name ,Last name,2790.13,2790.15,2.00%
127684.00,First name ,Last name,1470.24,1470.24,0.00%
127984.00,First name ,Last name,297.99,297.99,0.00%
130564.00,First name ,Last name,12158.37,12158.37,0.00%
132924.00,First name ,Last name,433.71,433.71,0.00%
133017.00,First name ,Last name,1884.81,1884.81,0.00%
133403.00,First name ,Last name,2935.31,2935.31,0.00%
133597.00,First name ,Last name,1613.67,1613.67,0.00%
133626.00,First name ,Last name,2097.97,2097.97,0.00%
133645.00,First name ,Last name,3325.78,3325.79,1.00%
133702.00,First name ,Last name,1600.62,1600.65,3.00%
133820.00,First name ,Last name,652.48,652.47,-1.00%
133946.00,First name ,Last name,3023.98,3023.98,0.00%
133970.00,First name ,Last name,1716.21,1716.21,0.00%
133990.00,First name ,Last name,0.00,0.00,0.00%
134039.00,First name ,Last name,3680.60,3680.62,2.00%
134040.00,First name ,Last name,502.34,502.35,1.00%
134047.00,First name ,Last name,1132.50,1132.50,0.00%
134428.00,First name ,Last name,1915.00,1915.00,0.00%
134437.00,First name ,Last name,2332.67,2332.67,0.00%
134495.00,First name ,Last name,2185.81,2185.81,0.00%
134605.00,First name ,Last name,2858.94,2858.94,0.00%
134735.00,First name ,Last name,399.98,399.98,0.00%
134781.00,First name ,Last name,793.65,793.65,0.00%
134807.00,First name ,Last name,2841.53,2841.53,0.00%
134836.00,First name ,Last name,1905.72,1905.73,1.00%
134838.00,First name ,Last name,1484.28,1484.28,0.00%
134842.00,First name ,Last name,1638.41,1638.41,0.00%
134892.00,First name ,Last name,1959.25,1959.25,0.00%
134945.00,First name ,Last name,1412.20,1412.20,0.00%
134959.00,First name ,Last name,1864.33,1864.33,0.00%
135036.00,First name ,Last name,5049.01,5049.01,0.00%
135081.00,First name ,Last name,2710.31,2710.31,0.00%
135092.00,First name ,Last name,948.61,948.61,0.00%
135154.00,First name ,Last name,1594.91,1594.90,-1.00%
135170.00,First name ,Last name,2941.56,2941.59,3.00%
135272.00,First name ,Last name,542.50,542.50,0.00%
135347.00,First name ,Last name,1598.17,1598.17,0.00%
135432.00,First name ,Last name,2031.54,2031.54,0.00%
135447.00,First name ,Last name,2004.37,2004.37,0.00%
135452.00,First name ,Last name,2583.59,2583.60,1.00%
135491.00,First name ,Last name,2465.62,2465.62,0.00%
135531.00,First name ,Last name,2953.96,2953.96,0.00%
135534.00,First name ,Last name,1041.65,1041.65,0.00%
135538.00,First name ,Last name,100.00,100.00,0.00%
135574.00,First name ,Last name,1209.84,1209.84,0.00%
135575.00,First name ,Last name,3169.46,3169.46,0.00%
135577.00,First name ,Last name,1795.12,1795.12,0.00%
135578.00,First name ,Last name,2819.32,2819.34,2.00%
135655.00,First name ,Last name,3615.17,3615.17,0.00%
135684.00,First name ,Last name,1517.26,1517.26,0.00%
135686.00,First name ,Last name,3441.94,3441.94,0.00%
135763.00,First name ,Last name,3712.54,3712.54,0.00%
135767.00,First name ,Last name,22812.05,22812.05,0.00%
135768.00,First name ,Last name,2399.66,2399.68,2.00%
135801.00,First name ,Last name,2716.03,2716.03,0.00%
135805.00,First name ,Last name,2336.96,2336.96,0.00%
135822.00,First name ,Last name,3349.59,3349.59,0.00%
135871.00,First name ,Last name,1612.15,1612.15,0.00%
135918.00,First name ,Last name,2278.18,2278.18,0.00%
135974.00,First name ,Last name,2933.45,2933.45,0.00%
135986.00,First name ,Last name,4175.53,4175.53,0.00%
135992.00,First name ,Last name,9120.52,9120.52,0.00%
135998.00,First name ,Last name,3087.10,3087.10,0.00%
136063.00,First name ,Last name,3813.28,3813.31,3.00%
136118.00,First name ,Last name,1483.57,1483.57,0.00%
136121.00,First name ,Last name,2222.56,2222.56,0.00%
136163.00,First name ,Last name,2520.29,2520.29,0.00%
136192.00,First name ,Last name,197.56,197.56,0.00%
136224.00,First name ,Last name,3103.02,3103.02,0.00%
136225.00,First name ,Last name,2844.69,2844.69,0.00%
136228.00,First name ,Last name,1508.02,1508.02,0.00%
136265.00,First name ,Last name,104.80,104.80,0.00%
136266.00,First name ,Last name,1887.91,1887.91,0.00%
136273.00,First name ,Last name,3128.28,3128.28,0.00%
136334.00,First name ,Last name,42.45,42.45,0.00%
136336.00,First name ,Last name,1309.20,1309.20,0.00%
136337.00,First name ,Last name,1393.77,1393.77,0.00%
136355.00,First name ,Last name,2197.76,2197.75,-1.00%
136381.00,First name ,Last name,1308.95,1308.95,0.00%
136387.00,First name ,Last name,1595.89,1595.89,0.00%
136532.00,First name ,Last name,1865.72,1865.72,0.00%
136602.00,First name ,Last name,2381.33,2381.33,0.00%
136603.00,First name ,Last name,2446.79,2446.79,0.00%
136671.00,First name ,Last name,2485.70,2485.70,0.00%
136681.00,First name ,Last name,2648.31,2648.31,0.00%
136719.00,First name ,Last name,183.79,183.79,0.00%
136989.00,First name ,Last name,3028.08,3028.08,0.00%
137093.00,First name ,Last name,350.20,350.20,0.00%
137263.00,First name ,Last name,1583.96,1583.96,0.00%
137271.00,First name ,Last name,2542.81,2542.81,0.00%
137358.00,First name ,Last name,2365.04,2365.04,0.00%
137380.00,First name ,Last name,127.34,127.34,0.00%
137430.00,First name ,Last name,258.52,258.52,0.00%
137432.00,First name ,Last name,1544.37,1544.37,0.00%
137485.00,First name ,Last name,3257.11,3257.11,0.00%
137553.00,First name ,Last name,1996.12,1996.12,0.00%
137642.00,First name ,Last name,2569.38,2569.38,0.00%
137671.00,First name ,Last name,2314.56,2314.56,0.00%
137675.00,First name ,Last name,2088.28,2088.28,0.00%
137704.00,First name ,Last name,7448.24,7448.26,2.00%
137818.00,First name ,Last name,106.37,106.37,0.00%
137828.00,First name ,Last name,1500.54,1500.54,0.00%
137877.00,First name ,Last name,1678.27,1678.27,0.00%
137879.00,First name ,Last name,2169.61,2169.61,0.00%
137935.00,First name ,Last name,1506.07,1506.07,0.00%
137992.00,First name ,Last name,574.24,574.24,0.00%
137996.00,First name ,Last name,9232.22,9232.22,0.00%
138021.00,First name ,Last name,2677.37,2677.37,0.00%
138089.00,First name ,Last name,1291.32,1291.34,2.00%
138091.00,First name ,Last name,2877.32,2877.32,0.00%
138092.00,First name ,Last name,2787.54,2787.54,0.00%
138181.00,First name ,Last name,737.45,737.45,0.00%
138298.00,First name ,Last name,2251.23,2251.23,0.00%
138311.00,First name ,Last name,2163.80,2163.80,0.00%
138365.00,First name ,Last name,263.09,263.09,0.00%
138421.00,First name ,Last name,2175.51,2175.51,0.00%
138536.00,First name ,Last name,1346.52,1346.52,0.00%
138689.00,First name ,Last name,860.96,860.96,0.00%
138740.00,First name ,Last name,126.29,126.29,0.00%
138772.00,First name ,Last name,2242.82,2242.82,0.00%
138872.00,First name ,Last name,2670.69,2670.68,-1.00%
138873.00,First name ,Last name,1729.71,1729.71,0.00%
138879.00,First name ,Last name,2476.22,2475.84,-38.00%
138887.00,First name ,Last name,2070.88,2070.88,0.00%
138896.00,First name ,Last name,3176.92,3176.92,0.00%
138927.00,First name ,Last name,2560.27,2560.27,0.00%
138929.00,First name ,Last name,1368.28,1368.28,0.00%
139092.00,First name ,Last name,2272.42,2272.42,0.00%
139106.00,First name ,Last name,2478.06,2477.86,-20.00%
139195.00,First name ,Last name,0.00,0.00,0.00%
139203.00,First name ,Last name,2661.25,2661.25,0.00%
139232.00,First name ,Last name,2293.74,2293.75,1.00%
139281.00,First name ,Last name,942.79,942.79,0.00%
139282.00,First name ,Last name,2281.35,2281.35,0.00%
139307.00,First name ,Last name,1359.62,1359.62,0.00%
139331.00,First name ,Last name,2752.03,2752.04,1.00%
139510.00,First name ,Last name,2184.39,2184.39,0.00%
139605.00,First name ,Last name,1410.89,1410.89,0.00%
139606.00,First name ,Last name,2577.55,2577.55,0.00%
139757.00,First name ,Last name,2251.19,2251.19,0.00%
139861.00,First name ,Last name,2538.52,2538.52,0.00%
139948.00,First name ,Last name,379.38,379.38,0.00%
139952.00,First name ,Last name,427.17,427.17,0.00%
140090.00,First name ,Last name,2217.19,2217.20,1.00%
140164.00,First name ,Last name,1402.15,1402.16,1.00%
140189.00,First name ,Last name,2147.53,2147.56,3.00%
140314.00,First name ,Last name,2948.60,2948.60,0.00%
140324.00,First name ,Last name,2524.70,2524.71,1.00%
140328.00,First name ,Last name,1907.26,1907.26,0.00%
140381.00,First name ,Last name,1165.10,1165.10,0.00%
140452.00,First name ,Last name,1050.76,1050.76,0.00%
140515.00,First name ,Last name,741.95,741.93,-2.00%
140520.00,First name ,Last name,2011.31,2011.31,0.00%
140554.00,First name ,Last name,1347.52,1347.52,0.00%
140570.00,First name ,Last name,4172.89,4172.89,0.00%
140633.00,First name ,Last name,2027.28,2027.28,0.00%
140684.00,First name ,Last name,18.60,18.60,0.00%
140686.00,First name ,Last name,1898.94,1898.94,0.00%
140689.00,First name ,Last name,3781.25,3781.07,-18.00%
140693.00,First name ,Last name,3957.84,3957.84,0.00%
140694.00,First name ,Last name,1578.90,1578.90,0.00%
140703.00,First name ,Last name,2737.24,2737.25,1.00%
140798.00,First name ,Last name,1354.57,1354.57,0.00%
140858.00,First name ,Last name,2191.02,2191.02,0.00%
140863.00,First name ,Last name,2405.31,2405.31,0.00%
140898.00,First name ,Last name,305.19,305.19,0.00%
140942.00,First name ,Last name,2146.70,2146.69,-1.00%
140987.00,First name ,Last name,3243.01,3243.01,0.00%
140999.00,First name ,Last name,1456.70,1456.73,3.00%
141017.00,First name ,Last name,1525.39,1525.39,0.00%
141044.00,First name ,Last name,3184.37,3184.48,11.00%
141063.00,First name ,Last name,435.84,435.84,0.00%
141099.00,First name ,Last name,2203.78,2203.78,0.00%
141118.00,First name ,Last name,3277.28,3277.28,0.00%
141158.00,First name ,Last name,2263.66,2263.86,20.00%
141222.00,First name ,Last name,2531.71,2531.71,0.00%
141278.00,First name ,Last name,2466.22,2466.22,0.00%
141293.00,First name ,Last name,1833.66,1833.66,0.00%
141301.00,First name ,Last name,1750.86,1750.86,0.00%
141321.00,First name ,Last name,3179.05,3179.05,0.00%
141360.00,First name ,Last name,1902.10,1902.10,0.00%
141366.00,First name ,Last name,1848.96,1848.99,3.00%
141383.00,First name ,Last name,3433.92,3433.92,0.00%
141424.00,First name ,Last name,2251.92,2251.92,0.00%
141437.00,First name ,Last name,1862.90,1862.90,0.00%
141460.00,First name ,Last name,3060.58,3060.58,0.00%
141462.00,First name ,Last name,3450.65,3450.65,0.00%
141523.00,First name ,Last name,180.50,180.50,0.00%
141535.00,First name ,Last name,773.32,773.32,0.00%
141581.00,First name ,Last name,467.73,467.73,0.00%
141714.00,First name ,Last name,1357.62,1357.62,0.00%
141716.00,First name ,Last name,2160.57,2160.57,0.00%
141731.00,First name ,Last name,2060.50,2060.49,-1.00%
141778.00,First name ,Last name,1811.19,1811.19,0.00%
141807.00,First name ,Last name,1743.51,1743.51,0.00%
141825.00,First name ,Last name,488.89,488.89,0.00%
141830.00,First name ,Last name,1768.04,1768.04,0.00%
141938.00,First name ,Last name,3424.78,3424.78,0.00%
141946.00,First name ,Last name,2930.65,2930.65,0.00%
142038.00,First name ,Last name,2754.06,2754.07,1.00%
142053.00,First name ,Last name,2279.33,2279.33,0.00%
142161.00,First name ,Last name,1440.09,1440.09,0.00%
142224.00,First name ,Last name,2837.21,2837.20,-1.00%
142282.00,First name ,Last name,1678.26,1678.26,0.00%
142347.00,First name ,Last name,2020.83,2020.83,0.00%
142436.00,First name ,Last name,3132.04,3132.04,0.00%
142491.00,First name ,Last name,2027.26,2027.26,0.00%
142493.00,First name ,Last name,1814.11,1814.11,0.00%
142499.00,First name ,Last name,1818.21,1818.21,0.00%
142522.00,First name ,Last name,1979.52,1979.52,0.00%
142600.00,First name ,Last name,1360.01,1360.01,0.00%
142602.00,First name ,Last name,1765.25,1765.30,5.00%
142605.00,First name ,Last name,2499.56,2499.56,0.00%
142609.00,First name ,Last name,391.11,391.11,0.00%
142672.00,First name ,Last name,1946.38,1946.40,2.00%
142734.00,First name ,Last name,1338.12,1338.12,0.00%
142735.00,First name ,Last name,1683.66,1683.66,0.00%
142759.00,First name ,Last name,2028.73,2028.73,0.00%
142774.00,First name ,Last name,1255.82,1255.82,0.00%
142859.00,First name ,Last name,4775.37,4775.37,0.00%
143273.00,First name ,Last name,5348.91,5348.91,0.00%
143313.00,First name ,Last name,2469.11,2469.10,-1.00%
143329.00,First name ,Last name,2636.36,2636.36,0.00%
143330.00,First name ,Last name,2003.78,2003.78,0.00%
143373.00,First name ,Last name,2284.00,2284.00,0.00%
143491.00,First name ,Last name,1739.26,1739.26,0.00%
143553.00,First name ,Last name,2943.78,2943.78,0.00%
143563.00,First name ,Last name,3066.92,3066.92,0.00%
143569.00,First name ,Last name,2312.06,2312.08,2.00%
143592.00,First name ,Last name,2946.64,2946.68,4.00%
143681.00,First name ,Last name,2383.53,2383.53,0.00%
143692.00,First name ,Last name,1833.55,1833.54,-1.00%
143809.00,First name ,Last name,1630.82,1630.82,0.00%
143821.00,First name ,Last name,468.99,468.94,-5.00%
143846.00,First name ,Last name,3039.38,3039.38,0.00%
143886.00,First name ,Last name,1182.53,1182.53,0.00%
143921.00,First name ,Last name,0.00,0.00,0.00%
143925.00,First name ,Last name,2926.08,2926.08,0.00%
143972.00,First name ,Last name,2339.47,2339.47,0.00%
143977.00,First name ,Last name,1382.65,1382.65,0.00%
143980.00,First name ,Last name,1522.50,1522.50,0.00%
143996.00,First name ,Last name,2519.24,2519.24,0.00%
144015.00,First name ,Last name,2206.09,2206.09,0.00%
144086.00,First name ,Last name,1792.37,1792.37,0.00%
144088.00,First name ,Last name,1912.10,1912.10,0.00%
144154.00,First name ,Last name,1971.41,1971.42,1.00%
144170.00,First name ,Last name,2732.60,2732.62,2.00%
144172.00,First name ,Last name,3185.32,3185.33,1.00%
144177.00,First name ,Last name,1140.66,1140.65,-1.00%
144292.00,First name ,Last name,2161.20,2161.20,0.00%
144294.00,First name ,Last name,2159.36,2159.36,0.00%
144362.00,First name ,Last name,1195.30,1195.30,0.00%
144367.00,First name ,Last name,778.91,778.91,0.00%
144391.00,First name ,Last name,2479.15,2479.14,-1.00%
144412.00,First name ,Last name,1539.15,1539.15,0.00%
144431.00,First name ,Last name,2012.64,2012.64,0.00%
144444.00,First name ,Last name,4132.72,4132.72,0.00%
144452.00,First name ,Last name,1620.17,1620.17,0.00%
144465.00,First name ,Last name,545.67,545.67,0.00%
144491.00,First name ,Last name,1246.50,1246.50,0.00%
144559.00,First name ,Last name,1993.38,1993.41,3.00%
144632.00,First name ,Last name,4627.25,4627.25,0.00%
144673.00,First name ,Last name,3660.37,3660.37,0.00%
144701.00,First name ,Last name,2533.34,2533.36,2.00%
144787.00,First name ,Last name,2623.61,2623.61,0.00%
144818.00,First name ,Last name,3313.21,3313.21,0.00%
144838.00,First name ,Last name,2459.64,2459.64,0.00%
144974.00,First name ,Last name,268.79,268.79,0.00%
144986.00,First name ,Last name,2823.31,2823.31,0.00%
144989.00,First name ,Last name,1912.38,1912.37,-1.00%
145049.00,First name ,Last name,1687.38,1687.38,0.00%
145074.00,First name ,Last name,1858.75,1858.75,0.00%
145075.00,First name ,Last name,4101.00,4101.00,0.00%
145076.00,First name ,Last name,1980.33,1980.33,0.00%
145092.00,First name ,Last name,1824.96,1824.96,0.00%
145134.00,First name ,Last name,1478.60,1478.60,0.00%
145153.00,First name ,Last name,2108.68,2108.68,0.00%
145249.00,First name ,Last name,1636.81,1636.81,0.00%
145259.00,First name ,Last name,1967.85,1967.86,1.00%
145262.00,First name ,Last name,1905.55,1905.55,0.00%
145274.00,First name ,Last name,1163.11,1163.13,2.00%
145324.00,First name ,Last name,1976.35,1976.35,0.00%
145339.00,First name ,Last name,2098.54,2098.53,-1.00%
145362.00,First name ,Last name,1965.27,1965.27,0.00%
145412.00,First name ,Last name,3984.97,3984.99,2.00%
145420.00,First name ,Last name,2075.18,2075.25,7.00%
145426.00,First name ,Last name,2028.19,2028.18,-1.00%
145475.00,First name ,Last name,2202.79,2202.79,0.00%
145644.00,First name ,Last name,1629.67,1629.67,0.00%
145648.00,First name ,Last name,1529.92,1529.92,0.00%
145664.00,First name ,Last name,3363.88,3363.88,0.00%
145677.00,First name ,Last name,1003.07,1003.07,0.00%
145699.00,First name ,Last name,2338.27,2338.28,1.00%
145734.00,First name ,Last name,1862.67,1862.69,2.00%
145735.00,First name ,Last name,2004.03,2004.03,0.00%
145753.00,First name ,Last name,2931.61,2931.61,0.00%
145757.00,First name ,Last name,1836.36,1836.37,1.00%
145760.00,First name ,Last name,2158.07,2158.06,-1.00%
145761.00,First name ,Last name,2310.17,2310.17,0.00%
145768.00,First name ,Last name,19428.95,19428.96,1.00%
145789.00,First name ,Last name,17368.55,17368.55,0.00%
145805.00,First name ,Last name,3353.14,3353.14,0.00%
145808.00,First name ,Last name,2134.74,2134.74,0.00%
145812.00,First name ,Last name,1507.94,1507.94,0.00%
145813.00,First name ,Last name,4701.06,4701.06,0.00%
145978.00,First name ,Last name,2286.72,2286.72,0.00%
145994.00,First name ,Last name,497.66,497.66,0.00%
145999.00,First name ,Last name,1819.78,1819.78,0.00%
146008.00,First name ,Last name,3726.76,3726.76,0.00%
146057.00,First name ,Last name,1665.04,1665.04,0.00%
146081.00,First name ,Last name,3054.01,3054.02,1.00%
146129.00,First name ,Last name,1435.32,1435.32,0.00%
146201.00,First name ,Last name,3941.10,3941.10,0.00%
146218.00,First name ,Last name,4252.56,4252.56,0.00%
146361.00,First name ,Last name,1805.50,1805.50,0.00%
146372.00,First name ,Last name,1620.13,1620.13,0.00%
146378.00,First name ,Last name,1662.36,1662.16,-20.00%
146413.00,First name ,Last name,2028.62,2028.63,1.00%
146419.00,First name ,Last name,1825.18,1825.20,2.00%
146425.00,First name ,Last name,2365.39,2365.39,0.00%
146444.00,First name ,Last name,1850.57,1850.57,0.00%
146458.00,First name ,Last name,1460.84,1460.84,0.00%
146460.00,First name ,Last name,1898.51,1898.70,19.00%
146466.00,First name ,Last name,2445.88,2445.88,0.00%
146468.00,First name ,Last name,1158.20,1158.20,0.00%
146563.00,First name ,Last name,1554.47,1554.48,1.00%
146573.00,First name ,Last name,1607.85,1607.85,0.00%
146575.00,First name ,Last name,1613.70,1613.71,1.00%
146614.00,First name ,Last name,1504.77,1504.77,0.00%
146615.00,First name ,Last name,1654.46,1654.46,0.00%
146725.00,First name ,Last name,2710.76,2710.78,2.00%
146763.00,First name ,Last name,735.88,735.88,0.00%
146766.00,First name ,Last name,1990.21,1990.21,0.00%
146767.00,First name ,Last name,0.00,0.00,0.00%
146771.00,First name ,Last name,744.20,744.00,-20.00%
146832.00,First name ,Last name,1504.56,1504.78,22.00%
146834.00,First name ,Last name,4049.16,4049.16,0.00%
146836.00,First name ,Last name,1997.83,1997.83,0.00%
147090.00,First name ,Last name,2547.11,2547.11,0.00%
147113.00,First name ,Last name,3000.61,3000.61,0.00%
147118.00,First name ,Last name,2743.07,2743.08,1.00%
147133.00,First name ,Last name,2130.78,2130.80,2.00%
147142.00,First name ,Last name,1838.45,1838.45,0.00%
147164.00,First name ,Last name,1175.28,1175.28,0.00%
147227.00,First name ,Last name,2742.11,2742.11,0.00%
147249.00,First name ,Last name,2073.40,2073.40,0.00%
147256.00,First name ,Last name,1852.61,1852.62,1.00%
147296.00,First name ,Last name,1749.61,1749.61,0.00%
147358.00,First name ,Last name,3179.57,3179.57,0.00%
147370.00,First name ,Last name,1202.27,1202.28,1.00%
147387.00,First name ,Last name,2001.86,2001.86,0.00%
147415.00,First name ,Last name,1923.09,1923.08,-1.00%
147421.00,First name ,Last name,2188.39,2188.39,0.00%
147439.00,First name ,Last name,2343.46,2343.46,0.00%
147442.00,First name ,Last name,1462.45,1462.45,0.00%
147455.00,First name ,Last name,3863.32,3863.32,0.00%
147460.00,First name ,Last name,1952.16,1952.16,0.00%
147504.00,First name ,Last name,2057.32,2057.32,0.00%
147532.00,First name ,Last name,1932.29,1932.29,0.00%
147537.00,First name ,Last name,2382.23,2382.23,0.00%
147558.00,First name ,Last name,682.24,682.25,1.00%
147596.00,First name ,Last name,2267.18,2267.18,0.00%
147622.00,First name ,Last name,2252.68,2252.68,0.00%
147709.00,First name ,Last name,1613.80,1613.80,0.00%
147731.00,First name ,Last name,1485.58,1485.58,0.00%
147746.00,First name ,Last name,238.34,238.34,0.00%
147970.00,First name ,Last name,1798.15,1798.15,0.00%
148008.00,First name ,Last name,886.56,886.56,0.00%
148161.00,First name ,Last name,1906.96,1906.96,0.00%
148218.00,First name ,Last name,1042.31,1042.31,0.00%
148224.00,First name ,Last name,7087.15,7087.14,-1.00%
148491.00,First name ,Last name,0.00,0.00,0.00%
148698.00,First name ,Last name,2460.00,2460.00,0.00%
148870.00,First name ,Last name,2010.64,2010.64,0.00%
149096.00,First name ,Last name,2263.55,2263.56,1.00%
149240.00,First name ,Last name,12.83,12.83,0.00%
149280.00,First name ,Last name,1205.74,1205.74,0.00%
149283.00,First name ,Last name,2348.37,2348.37,0.00%
149312.00,First name ,Last name,2411.39,2411.39,0.00%
149393.00,First name ,Last name,248.02,248.02,0.00%
149540.00,First name ,Last name,329.53,329.53,0.00%
149856.00,First name ,Last name,1578.67,1578.67,0.00%
149921.00,First name ,Last name,2560.66,2560.66,0.00%
150199.00,First name ,Last name,2307.93,2307.93,0.00%
150240.00,First name ,Last name,2011.59,2011.60,1.00%
150257.00,First name ,Last name,693.67,693.67,0.00%
150281.00,First name ,Last name,1459.73,1459.73,0.00%
150395.00,First name ,Last name,1402.58,1402.58,0.00%
150396.00,First name ,Last name,2917.47,2917.47,0.00%
150398.00,First name ,Last name,1542.89,1542.89,0.00%
150495.00,First name ,Last name,2558.86,2558.86,0.00%
150754.00,First name ,Last name,337.45,337.45,0.00%
150865.00,First name ,Last name,309.50,309.49,-1.00%
150929.00,First name ,Last name,1508.92,1508.92,0.00%
151067.00,First name ,Last name,2016.96,2016.96,0.00%
151079.00,First name ,Last name,2176.94,2176.94,0.00%
151294.00,First name ,Last name,2061.12,2061.12,0.00%
151295.00,First name ,Last name,12518.14,12518.14,0.00%
151416.00,First name ,Last name,1781.59,1781.59,0.00%
151555.00,First name ,Last name,2750.10,2750.10,0.00%
151622.00,First name ,Last name,2254.75,2254.75,0.00%
151647.00,First name ,Last name,2933.23,2933.22,-1.00%
151713.00,First name ,Last name,2320.47,2320.47,0.00%
151716.00,First name ,Last name,2624.38,2624.39,1.00%
151772.00,First name ,Last name,110.15,110.15,0.00%
151778.00,First name ,Last name,1896.28,1896.28,0.00%
151982.00,First name ,Last name,1182.97,1182.97,0.00%
151999.00,First name ,Last name,1554.19,1554.19,0.00%
152028.00,First name ,Last name,2097.51,2097.50,-1.00%
152091.00,First name ,Last name,5078.32,5078.32,0.00%
152107.00,First name ,Last name,81.81,81.81,0.00%
152156.00,First name ,Last name,2529.08,2529.08,0.00%
152198.00,First name ,Last name,1794.23,1794.23,0.00%
152257.00,First name ,Last name,188.46,188.46,0.00%
152308.00,First name ,Last name,1588.71,1588.71,0.00%
152372.00,First name ,Last name,1058.70,1058.70,0.00%
152374.00,First name ,Last name,2851.03,2851.03,0.00%
152417.00,First name ,Last name,1522.82,1522.82,0.00%
152438.00,First name ,Last name,1777.35,1777.36,1.00%
152447.00,First name ,Last name,2518.72,2518.72,0.00%
152481.00,First name ,Last name,3705.98,3705.98,0.00%
152522.00,First name ,Last name,1178.41,1178.41,0.00%
152528.00,First name ,Last name,1400.59,1400.59,0.00%
152574.00,First name ,Last name,2366.14,2366.14,0.00%
152632.00,First name ,Last name,2385.27,2385.27,0.00%
152635.00,First name ,Last name,3459.29,3459.29,0.00%
152641.00,First name ,Last name,1773.68,1773.68,0.00%
152661.00,First name ,Last name,2259.89,2259.89,0.00%
152669.00,First name ,Last name,2962.98,2962.98,0.00%
152685.00,First name ,Last name,2789.55,2789.57,2.00%
152692.00,First name ,Last name,2899.33,2899.33,0.00%
152800.00,First name ,Last name,3123.68,3123.69,1.00%
152848.00,First name ,Last name,2435.28,2435.28,0.00%
152854.00,First name ,Last name,1468.37,1468.37,0.00%
152862.00,First name ,Last name,1958.96,1958.95,-1.00%
152877.00,First name ,Last name,557.62,557.62,0.00%
152879.00,First name ,Last name,1005.41,1005.41,0.00%
152912.00,First name ,Last name,11649.34,11649.34,0.00%
152976.00,First name ,Last name,3280.46,3280.47,1.00%
153035.00,First name ,Last name,2819.74,2819.75,1.00%
153036.00,First name ,Last name,57.76,57.76,0.00%
153128.00,First name ,Last name,486.87,486.87,0.00%
153129.00,First name ,Last name,1316.64,1316.64,0.00%
153160.00,First name ,Last name,627.85,627.85,0.00%
153257.00,First name ,Last name,1862.65,1862.65,0.00%
153267.00,First name ,Last name,1469.38,1469.38,0.00%
153282.00,First name ,Last name,1359.24,1359.24,0.00%
153334.00,First name ,Last name,2878.17,2878.17,0.00%
153335.00,First name ,Last name,2516.56,2516.55,-1.00%
153342.00,First name ,Last name,1647.41,1647.41,0.00%
153412.00,First name ,Last name,2584.45,2584.47,2.00%
153423.00,First name ,Last name,4065.09,4065.09,0.00%
153426.00,First name ,Last name,1686.60,1686.59,-1.00%
153429.00,First name ,Last name,2580.35,2579.94,-41.00%
153433.00,First name ,Last name,2739.22,2739.22,0.00%
153582.00,First name ,Last name,2697.68,2697.70,2.00%
153592.00,First name ,Last name,226.80,226.80,0.00%
153598.00,First name ,Last name,1838.65,1838.65,0.00%
153620.00,First name ,Last name,1327.00,1327.00,0.00%
153626.00,First name ,Last name,2239.61,2239.63,2.00%
153659.00,First name ,Last name,2526.08,2526.08,0.00%
153674.00,First name ,Last name,1328.11,1328.11,0.00%
153696.00,First name ,Last name,877.31,877.31,0.00%
153705.00,First name ,Last name,1813.69,1813.69,0.00%
153743.00,First name ,Last name,3390.42,3390.42,0.00%
153753.00,First name ,Last name,8458.17,8458.17,0.00%
153817.00,First name ,Last name,2244.02,2244.02,0.00%
153847.00,First name ,Last name,2317.42,2317.43,1.00%
153939.00,First name ,Last name,26.18,26.18,0.00%
153961.00,First name ,Last name,2281.61,2281.65,4.00%
153968.00,First name ,Last name,2466.72,2466.72,0.00%
153970.00,First name ,Last name,606.10,606.10,0.00%
153978.00,First name ,Last name,2000.18,2000.18,0.00%
153983.00,First name ,Last name,2810.63,2810.64,1.00%
154135.00,First name ,Last name,2860.46,2860.45,-1.00%
154160.00,First name ,Last name,1720.52,1720.53,1.00%
154243.00,First name ,Last name,2702.47,2702.47,0.00%
154246.00,First name ,Last name,1168.34,1168.34,0.00%
154253.00,First name ,Last name,5726.09,5726.09,0.00%
154294.00,First name ,Last name,11749.11,11749.11,0.00%
154307.00,First name ,Last name,0.00,0.00,0.00%
154341.00,First name ,Last name,3431.68,3431.71,3.00%
154356.00,First name ,Last name,2006.65,2006.65,0.00%
154436.00,First name ,Last name,709.78,709.78,0.00%
154440.00,First name ,Last name,1766.78,1766.78,0.00%
154449.00,First name ,Last name,842.67,842.67,0.00%
154557.00,First name ,Last name,1784.37,1784.37,0.00%
154560.00,First name ,Last name,280.42,280.42,0.00%
154563.00,First name ,Last name,2281.93,2281.93,0.00%
154582.00,First name ,Last name,2312.24,2312.24,0.00%
154619.00,First name ,Last name,0.00,0.00,0.00%
154620.00,First name ,Last name,15995.89,15995.89,0.00%
154758.00,First name ,Last name,2300.23,2300.23,0.00%
154766.00,First name ,Last name,28.10,28.10,0.00%
154768.00,First name ,Last name,1418.39,1418.38,-1.00%
154967.00,First name ,Last name,1685.39,1685.39,0.00%
155165.00,First name ,Last name,1503.27,1503.26,-1.00%
155166.00,First name ,Last name,3071.07,3071.07,0.00%
155173.00,First name ,Last name,0.00,0.00,0.00%
155176.00,First name ,Last name,2798.13,2798.13,0.00%
155287.00,First name ,Last name,0.00,0.00,0.00%
155584.00,First name ,Last name,4066.67,4066.68,1.00%
155593.00,First name ,Last name,2123.34,2123.34,0.00%
155594.00,First name ,Last name,2690.11,2690.13,2.00%
155689.00,First name ,Last name,1809.02,1808.82,-20.00%
155704.00,First name ,Last name,1018.82,1018.83,1.00%
155737.00,First name ,Last name,4552.94,4552.94,0.00%
155741.00,First name ,Last name,880.90,880.89,-1.00%
155747.00,First name ,Last name,5.66,5.66,0.00%
155751.00,First name ,Last name,2295.89,2295.90,1.00%
155754.00,First name ,Last name,2237.26,2237.25,-1.00%
155954.00,First name ,Last name,2845.93,2845.95,2.00%
155957.00,First name ,Last name,2219.75,2219.74,-1.00%
155960.00,First name ,Last name,0.00,0.00,0.00%
155971.00,First name ,Last name,2715.14,2715.13,-1.00%
155980.00,First name ,Last name,1540.89,1540.89,0.00%
156036.00,First name ,Last name,1051.52,1051.52,0.00%
156183.00,First name ,Last name,2323.61,2323.61,0.00%
156192.00,First name ,Last name,1046.90,1046.89,-1.00%
156219.00,First name ,Last name,2901.94,2901.94,0.00%
156262.00,First name ,Last name,1887.25,1887.25,0.00%
156438.00,First name ,Last name,539.35,539.35,0.00%
156473.00,First name ,Last name,1431.69,1431.69,0.00%
156477.00,First name ,Last name,1920.10,1920.10,0.00%
156478.00,First name ,Last name,3517.11,3517.10,-1.00%
156505.00,First name ,Last name,1195.65,1195.67,2.00%
156511.00,First name ,Last name,1392.58,1392.58,0.00%
156536.00,First name ,Last name,1882.70,1882.70,0.00%
156635.00,First name ,Last name,3103.57,3103.58,1.00%
156637.00,First name ,Last name,1907.88,1907.88,0.00%
156701.00,First name ,Last name,2479.69,2479.69,0.00%
156754.00,First name ,Last name,1968.90,1968.90,0.00%
156792.00,First name ,Last name,1670.81,1670.82,1.00%
156837.00,First name ,Last name,2451.54,2451.54,0.00%
157007.00,First name ,Last name,3222.41,3222.41,0.00%
157080.00,First name ,Last name,4448.57,4448.59,2.00%
157138.00,First name ,Last name,0.00,0.00,0.00%
157214.00,First name ,Last name,5850.29,5850.29,0.00%
157238.00,First name ,Last name,1726.59,1726.59,0.00%
157241.00,First name ,Last name,1944.09,1944.10,1.00%
157351.00,First name ,Last name,18786.25,18786.25,0.00%
157435.00,First name ,Last name,2494.92,2494.96,4.00%
157440.00,First name ,Last name,2205.92,2205.92,0.00%
157442.00,First name ,Last name,2547.19,2547.19,0.00%
157447.00,First name ,Last name,3813.40,3813.40,0.00%
157520.00,First name ,Last name,1310.40,1310.40,0.00%
157538.00,First name ,Last name,1659.33,1659.36,3.00%
157574.00,First name ,Last name,2235.52,2235.52,0.00%
157588.00,First name ,Last name,0.00,0.00,0.00%
157615.00,First name ,Last name,2712.69,2712.69,0.00%
157685.00,First name ,Last name,4696.86,4696.86,0.00%
157687.00,First name ,Last name,1197.25,1197.25,0.00%
157688.00,First name ,Last name,2.04,2.04,0.00%
157832.00,First name ,Last name,0.00,0.00,0.00%
157891.00,First name ,Last name,17773.46,17773.46,0.00%
157945.00,First name ,Last name,1689.13,1688.93,-20.00%
157988.00,First name ,Last name,2595.41,2595.41,0.00%
157996.00,First name ,Last name,2854.71,2854.71,0.00%
158003.00,First name ,Last name,0.00,0.00,0.00%
158005.00,First name ,Last name,133.12,133.12,0.00%
158012.00,First name ,Last name,2196.60,2196.60,0.00%
158047.00,First name ,Last name,2087.20,2087.20,0.00%
158050.00,First name ,Last name,0.00,0.00,0.00%
158114.00,First name ,Last name,2299.52,2299.52,0.00%
158136.00,First name ,Last name,1734.67,1734.67,0.00%
158138.00,First name ,Last name,2357.90,2357.90,0.00%
158145.00,First name ,Last name,1227.41,1227.41,0.00%
158186.00,First name ,Last name,3790.32,3790.32,0.00%
158247.00,First name ,Last name,1214.56,1214.56,0.00%
158293.00,First name ,Last name,1161.67,1161.67,0.00%
158297.00,First name ,Last name,1590.01,1590.01,0.00%
158299.00,First name ,Last name,1383.49,1383.49,0.00%
158304.00,First name ,Last name,4341.53,4341.53,0.00%
158492.00,First name ,Last name,2295.78,2295.79,1.00%
158512.00,First name ,Last name,102.42,102.42,0.00%
158519.00,First name ,Last name,2203.67,2203.67,0.00%
158527.00,First name ,Last name,1085.64,1085.64,0.00%
158529.00,First name ,Last name,398.38,398.38,0.00%
158533.00,First name ,Last name,2602.23,2602.23,0.00%
158557.00,First name ,Last name,1208.53,1208.53,0.00%
158578.00,First name ,Last name,4557.37,4557.40,3.00%
158583.00,First name ,Last name,2322.27,2322.27,0.00%
158591.00,First name ,Last name,6399.72,6399.72,0.00%
158594.00,First name ,Last name,3363.04,3363.04,0.00%
158633.00,First name ,Last name,5390.66,5390.66,0.00%
158634.00,First name ,Last name,16.64,16.64,0.00%
158644.00,First name ,Last name,12998.48,12998.48,0.00%
158767.00,First name ,Last name,2336.47,2336.66,19.00%
158781.00,First name ,Last name,1719.91,1719.91,0.00%
158787.00,First name ,Last name,2253.55,2253.54,-1.00%
158849.00,First name ,Last name,2513.47,2513.47,0.00%
158862.00,First name ,Last name,1200.00,1200.00,0.00%
158867.00,First name ,Last name,1067.70,1067.70,0.00%
158875.00,First name ,Last name,3213.05,3213.04,-1.00%
158943.00,First name ,Last name,218.47,218.47,0.00%
158946.00,First name ,Last name,7357.27,7357.27,0.00%
158992.00,First name ,Last name,686.12,686.12,0.00%
158993.00,First name ,Last name,972.36,972.36,0.00%
159124.00,First name ,Last name,0.00,0.00,0.00%
159128.00,First name ,Last name,2704.18,2704.18,0.00%
159143.00,First name ,Last name,0.00,0.00,0.00%
159263.00,First name ,Last name,11340.98,11340.98,0.00%
159268.00,First name ,Last name,1152.78,1152.78,0.00%
159297.00,First name ,Last name,2054.68,2054.68,0.00%
159298.00,First name ,Last name,1455.46,1455.46,0.00%
159302.00,First name ,Last name,4617.53,4617.53,0.00%
159304.00,First name ,Last name,10646.17,10646.17,0.00%
159356.00,First name ,Last name,5237.59,5237.59,0.00%
159361.00,First name ,Last name,1381.27,1381.27,0.00%
159375.00,First name ,Last name,1616.61,1616.61,0.00%
159420.00,First name ,Last name,1746.53,1746.53,0.00%
159422.00,First name ,Last name,8405.55,8405.55,0.00%
159426.00,First name ,Last name,2675.62,2675.63,1.00%
159444.00,First name ,Last name,1511.26,1511.27,1.00%
159469.00,First name ,Last name,2658.00,2658.00,0.00%
159489.00,First name ,Last name,396.65,396.65,0.00%
159491.00,First name ,Last name,1652.07,1652.07,0.00%
159523.00,First name ,Last name,2464.78,2464.78,0.00%
159526.00,First name ,Last name,1425.33,1425.33,0.00%
159528.00,First name ,Last name,1065.13,1065.13,0.00%
159530.00,First name ,Last name,2125.45,2125.45,0.00%
159570.00,First name ,Last name,1694.28,1694.29,1.00%
159597.00,First name ,Last name,19396.09,19396.09,0.00%
159606.00,First name ,Last name,1785.87,1785.87,0.00%
159620.00,First name ,Last name,1293.11,1293.11,0.00%
159622.00,First name ,Last name,167.15,167.15,0.00%
159628.00,First name ,Last name,1903.65,1903.66,1.00%
159630.00,First name ,Last name,1551.11,1551.11,0.00%
159631.00,First name ,Last name,1.81,1.81,0.00%
159640.00,First name ,Last name,121.38,121.38,0.00%
159649.00,First name ,Last name,144.68,144.68,0.00%
159650.00,First name ,Last name,1876.54,1876.54,0.00%
159729.00,First name ,Last name,67.24,67.24,0.00%
159735.00,First name ,Last name,19.81,19.81,0.00%
159737.00,First name ,Last name,897.41,897.41,0.00%
159752.00,First name ,Last name,4814.84,4814.84,0.00%
159764.00,First name ,Last name,5734.85,5734.84,-1.00%
159782.00,First name ,Last name,1826.64,1826.64,0.00%
159783.00,First name ,Last name,2472.81,2472.81,0.00%
159785.00,First name ,Last name,586.19,586.19,0.00%
159843.00,First name ,Last name,3038.04,3038.05,1.00%
159845.00,First name ,Last name,3841.12,3841.12,0.00%
159975.00,First name ,Last name,1976.38,1976.40,2.00%
159980.00,First name ,Last name,2005.97,2005.97,0.00%
160029.00,First name ,Last name,1097.61,1097.61,0.00%
160079.00,First name ,Last name,0.00,0.00,0.00%
160088.00,First name ,Last name,3665.32,3665.34,2.00%
160103.00,First name ,Last name,160.46,160.46,0.00%
160128.00,First name ,Last name,246.83,246.83,0.00%
160139.00,First name ,Last name,1655.81,1655.81,0.00%
160155.00,First name ,Last name,3986.94,3986.94,0.00%
160157.00,First name ,Last name,6248.83,6248.83,0.00%
160167.00,First name ,Last name,1404.83,1404.83,0.00%
160168.00,First name ,Last name,1994.11,1994.13,2.00%
160182.00,First name ,Last name,2058.77,2058.77,0.00%
160187.00,First name ,Last name,11.20,11.20,0.00%
160209.00,First name ,Last name,1615.40,1615.42,2.00%
160212.00,First name ,Last name,2274.05,2274.06,1.00%
160241.00,First name ,Last name,1765.31,1765.31,0.00%
160243.00,First name ,Last name,648.59,648.59,0.00%
160244.00,First name ,Last name,2856.46,2856.46,0.00%
160281.00,First name ,Last name,1518.34,1518.34,0.00%
160336.00,First name ,Last name,2837.45,2837.45,0.00%
160338.00,First name ,Last name,2043.93,2043.93,0.00%
160342.00,First name ,Last name,2247.70,2247.70,0.00%
160344.00,First name ,Last name,2522.30,2522.31,1.00%
160402.00,First name ,Last name,2158.36,2158.36,0.00%
160427.00,First name ,Last name,1578.61,1578.61,0.00%
160457.00,First name ,Last name,3969.08,3969.08,0.00%
160458.00,First name ,Last name,1297.12,1297.12,0.00%
160499.00,First name ,Last name,1514.91,1514.91,0.00%
160504.00,First name ,Last name,341.99,341.99,0.00%
160507.00,First name ,Last name,979.37,979.37,0.00%
160521.00,First name ,Last name,3027.87,3027.87,0.00%
160525.00,First name ,Last name,2797.00,2797.00,0.00%
160541.00,First name ,Last name,626.95,626.95,0.00%
160551.00,First name ,Last name,1868.39,1868.38,-1.00%
160553.00,First name ,Last name,2222.87,2222.87,0.00%
160576.00,First name ,Last name,39.33,39.33,0.00%
160642.00,First name ,Last name,1687.39,1687.39,0.00%
160646.00,First name ,Last name,99.64,99.64,0.00%
160648.00,First name ,Last name,2104.34,2104.35,1.00%
160675.00,First name ,Last name,114.26,114.26,0.00%
160686.00,First name ,Last name,352.46,352.46,0.00%
160716.00,First name ,Last name,11451.13,11451.13,0.00%
160719.00,First name ,Last name,103.94,103.94,0.00%
160736.00,First name ,Last name,254.34,254.34,0.00%
160745.00,First name ,Last name,8390.84,8390.84,0.00%
160748.00,First name ,Last name,477.69,477.69,0.00%
160828.00,First name ,Last name,3188.34,3188.34,0.00%
160836.00,First name ,Last name,1870.97,1870.97,0.00%
160852.00,First name ,Last name,1392.48,1392.49,1.00%
160868.00,First name ,Last name,1553.04,1553.05,1.00%
160953.00,First name ,Last name,2463.92,2463.92,0.00%
161085.00,First name ,Last name,1377.72,1377.72,0.00%
161169.00,First name ,Last name,95.32,95.32,0.00%
161172.00,First name ,Last name,1315.43,1315.64,21.00%
161174.00,First name ,Last name,1894.36,1894.36,0.00%
161285.00,First name ,Last name,1510.08,1510.08,0.00%
161292.00,First name ,Last name,2170.58,2170.58,0.00%
161312.00,First name ,Last name,86.71,86.71,0.00%
161367.00,First name ,Last name,2600.95,2600.95,0.00%
161383.00,First name ,Last name,1652.08,1652.11,3.00%
161458.00,First name ,Last name,140.10,140.10,0.00%
161565.00,First name ,Last name,3392.78,3392.79,1.00%
161601.00,First name ,Last name,3484.92,3484.92,0.00%
161611.00,First name ,Last name,1021.11,1021.11,0.00%
161616.00,First name ,Last name,10308.90,10308.90,0.00%
161759.00,First name ,Last name,342.82,342.82,0.00%
161804.00,First name ,Last name,655.05,655.05,0.00%
161915.00,First name ,Last name,16.29,16.29,0.00%
161916.00,First name ,Last name,208.37,208.37,0.00%
161953.00,First name ,Last name,1068.09,1068.09,0.00%
161997.00,First name ,Last name,3687.11,3687.12,1.00%
162004.00,First name ,Last name,2607.31,2607.31,0.00%
162028.00,First name ,Last name,113.00,113.00,0.00%
162134.00,First name ,Last name,3812.49,3812.49,0.00%
162173.00,First name ,Last name,7.51,7.51,0.00%
162272.00,First name ,Last name,330.82,330.82,0.00%
162294.00,First name ,Last name,269.28,269.28,0.00%
162313.00,First name ,Last name,1365.78,1365.78,0.00%
162322.00,First name ,Last name,2150.63,2150.63,0.00%
162370.00,First name ,Last name,1764.10,1764.10,0.00%
162450.00,First name ,Last name,21694.86,21694.86,0.00%
162454.00,First name ,Last name,1917.10,1917.10,0.00%
162791.00,First name ,Last name,2478.25,2478.25,0.00%
162992.00,First name ,Last name,1308.64,1308.64,0.00%
162994.00,First name ,Last name,2702.03,2702.02,-1.00%
163060.00,First name ,Last name,2360.50,2360.50,0.00%
163151.00,First name ,Last name,0.00,0.00,0.00%
163209.00,First name ,Last name,2082.53,2082.52,-1.00%
163354.00,First name ,Last name,2028.18,2028.18,0.00%
163360.00,First name ,Last name,1341.14,1341.14,0.00%
163381.00,First name ,Last name,1623.34,1623.34,0.00%
163443.00,First name ,Last name,1426.91,1426.91,0.00%
163448.00,First name ,Last name,1408.21,1408.21,0.00%
163467.00,First name ,Last name,2259.41,2259.40,-1.00%
163496.00,First name ,Last name,1441.50,1441.50,0.00%
163499.00,First name ,Last name,1528.40,1528.40,0.00%
163530.00,First name ,Last name,0.00,0.00,0.00%
163576.00,First name ,Last name,1909.30,1909.30,0.00%
163600.00,First name ,Last name,1804.92,1804.92,0.00%
163618.00,First name ,Last name,1164.16,1164.16,0.00%
163656.00,First name ,Last name,2301.26,2301.69,43.00%
163709.00,First name ,Last name,7537.09,7537.09,0.00%
163818.00,First name ,Last name,1318.73,1318.75,2.00%
163868.00,First name ,Last name,439.01,439.01,0.00%
164121.00,First name ,Last name,3481.87,3481.87,0.00%
164166.00,First name ,Last name,2595.57,2595.57,0.00%
164222.00,First name ,Last name,4861.34,4861.34,0.00%
164294.00,First name ,Last name,515.84,515.84,0.00%
164343.00,First name ,Last name,79.55,79.55,0.00%
164348.00,First name ,Last name,1041.33,1041.33,0.00%
164352.00,First name ,Last name,5410.02,5410.02,0.00%
164355.00,First name ,Last name,2025.68,2025.68,0.00%
164411.00,First name ,Last name,2076.48,2076.48,0.00%
164417.00,First name ,Last name,2462.53,2462.76,23.00%
164426.00,First name ,Last name,2441.96,2441.96,0.00%
164429.00,First name ,Last name,2015.24,2015.24,0.00%
164441.00,First name ,Last name,1296.07,1296.07,0.00%
164491.00,First name ,Last name,3816.20,3816.20,0.00%
164516.00,First name ,Last name,1424.34,1424.35,1.00%
164533.00,First name ,Last name,2274.42,2274.41,-1.00%
164541.00,First name ,Last name,1700.61,1700.61,0.00%
164545.00,First name ,Last name,343.32,343.32,0.00%
164546.00,First name ,Last name,2203.20,2203.20,0.00%
164570.00,First name ,Last name,1808.86,1808.86,0.00%
164726.00,First name ,Last name,1167.98,1167.98,0.00%
164802.00,First name ,Last name,463.10,463.10,0.00%
164815.00,First name ,Last name,1291.72,1291.71,-1.00%
164851.00,First name ,Last name,14638.64,14638.64,0.00%
164875.00,First name ,Last name,2411.30,2411.30,0.00%
164878.00,First name ,Last name,2379.18,2379.18,0.00%
164888.00,First name ,Last name,11444.59,11444.59,0.00%
164907.00,First name ,Last name,2234.20,2234.20,0.00%
164940.00,First name ,Last name,1374.97,1375.17,20.00%
164966.00,First name ,Last name,2285.34,2285.34,0.00%
164978.00,First name ,Last name,10402.02,10402.02,0.00%
164988.00,First name ,Last name,2164.44,2164.44,0.00%
165001.00,First name ,Last name,138.38,138.38,0.00%
165020.00,First name ,Last name,2915.37,2915.37,0.00%
165057.00,First name ,Last name,39.72,39.72,0.00%
165058.00,First name ,Last name,489.28,489.28,0.00%
165065.00,First name ,Last name,2843.15,2843.15,0.00%
165067.00,First name ,Last name,542.21,542.21,0.00%
165076.00,First name ,Last name,2007.66,2007.66,0.00%
165083.00,First name ,Last name,1196.84,1196.84,0.00%
165108.00,First name ,Last name,573.62,573.62,0.00%
165111.00,First name ,Last name,2252.63,2252.63,0.00%
165143.00,First name ,Last name,34.92,34.92,0.00%
165153.00,First name ,Last name,1966.37,1966.37,0.00%
165157.00,First name ,Last name,1840.21,1840.21,0.00%
165159.00,First name ,Last name,2483.90,2483.92,2.00%
165161.00,First name ,Last name,4689.94,4689.94,0.00%
165240.00,First name ,Last name,2555.14,2555.14,0.00%
165273.00,First name ,Last name,1445.02,1445.02,0.00%
165300.00,First name ,Last name,2991.45,2991.45,0.00%
165308.00,First name ,Last name,1854.51,1854.51,0.00%
165367.00,First name ,Last name,2531.64,2531.64,0.00%
165400.00,First name ,Last name,119.79,119.79,0.00%
165411.00,First name ,Last name,369.47,369.47,0.00%
165422.00,First name ,Last name,1690.77,1690.77,0.00%
165439.00,First name ,Last name,1614.74,1614.74,0.00%
165527.00,First name ,Last name,1438.79,1438.79,0.00%
165541.00,First name ,Last name,629.89,629.89,0.00%
165643.00,First name ,Last name,1609.85,1609.86,1.00%
165666.00,First name ,Last name,1444.86,1444.86,0.00%
165681.00,First name ,Last name,1550.76,1550.75,-1.00%
165706.00,First name ,Last name,1942.50,1942.51,1.00%
165708.00,First name ,Last name,159.79,159.79,0.00%
165724.00,First name ,Last name,1341.68,1341.68,0.00%
165751.00,First name ,Last name,2566.76,2566.76,0.00%
165783.00,First name ,Last name,105.82,105.82,0.00%
165786.00,First name ,Last name,2350.69,2350.69,0.00%
165805.00,First name ,Last name,2273.66,2273.66,0.00%
165842.00,First name ,Last name,1818.97,1818.97,0.00%
165857.00,First name ,Last name,1170.75,1170.75,0.00%
165893.00,First name ,Last name,1857.41,1857.41,0.00%
165906.00,First name ,Last name,2624.14,2624.14,0.00%
165949.00,First name ,Last name,48.82,48.82,0.00%
165961.00,First name ,Last name,1389.82,1389.82,0.00%
165992.00,First name ,Last name,1465.07,1465.07,0.00%
166008.00,First name ,Last name,0.00,0.00,0.00%
166011.00,First name ,Last name,0.00,0.00,0.00%
166013.00,First name ,Last name,1298.71,1298.70,-1.00%
166037.00,First name ,Last name,6428.57,6428.57,0.00%
166052.00,First name ,Last name,202.30,202.30,0.00%
166073.00,First name ,Last name,2437.77,2437.78,1.00%
166112.00,First name ,Last name,114.26,114.26,0.00%
166113.00,First name ,Last name,1.60,1.60,0.00%
166123.00,First name ,Last name,2816.32,2816.33,1.00%
166126.00,First name ,Last name,304.42,304.42,0.00%
166138.00,First name ,Last name,14432.26,14432.46,20.00%
166150.00,First name ,Last name,9330.88,9330.88,0.00%
166153.00,First name ,Last name,1556.87,1556.87,0.00%
166159.00,First name ,Last name,200.57,200.57,0.00%
166183.00,First name ,Last name,995.68,995.68,0.00%
166251.00,First name ,Last name,2150.98,2150.99,1.00%
166252.00,First name ,Last name,5237.97,5237.97,0.00%
166277.00,First name ,Last name,2538.92,2538.75,-17.00%
166280.00,First name ,Last name,0.00,0.00,0.00%
166282.00,First name ,Last name,2687.90,2688.11,21.00%
166288.00,First name ,Last name,156.92,156.92,0.00%
166309.00,First name ,Last name,3115.52,3115.52,0.00%
166315.00,First name ,Last name,1330.89,1330.89,0.00%
166332.00,First name ,Last name,1753.94,1753.94,0.00%
166346.00,First name ,Last name,2621.72,2621.72,0.00%
166360.00,First name ,Last name,1799.26,1799.26,0.00%
166383.00,First name ,Last name,77.72,77.72,0.00%
166398.00,First name ,Last name,140.15,140.15,0.00%
166402.00,First name ,Last name,2973.71,2973.70,-1.00%
166403.00,First name ,Last name,2153.65,2153.65,0.00%
166421.00,First name ,Last name,4380.73,4380.73,0.00%
166423.00,First name ,Last name,68.95,68.95,0.00%
166454.00,First name ,Last name,4340.77,4340.78,1.00%
166499.00,First name ,Last name,1366.37,1366.36,-1.00%
166504.00,First name ,Last name,3457.12,3457.12,0.00%
166519.00,First name ,Last name,3.80,3.80,0.00%
166520.00,First name ,Last name,2749.85,2749.85,0.00%
166523.00,First name ,Last name,1993.29,1993.29,0.00%
166643.00,First name ,Last name,96.50,96.50,0.00%
166664.00,First name ,Last name,2184.27,2184.07,-20.00%
166692.00,First name ,Last name,2106.37,2106.42,5.00%
166728.00,First name ,Last name,1396.69,1396.69,0.00%
166751.00,First name ,Last name,1450.35,1450.35,0.00%
166753.00,First name ,Last name,2403.76,2403.76,0.00%
166779.00,First name ,Last name,2103.26,2103.26,0.00%
166780.00,First name ,Last name,2011.32,2011.32,0.00%
166790.00,First name ,Last name,1780.99,1780.99,0.00%
166799.00,First name ,Last name,2559.65,2559.65,0.00%
166835.00,First name ,Last name,1694.78,1694.78,0.00%
166839.00,First name ,Last name,2867.30,2867.30,0.00%
166871.00,First name ,Last name,12219.78,12219.78,0.00%
166872.00,First name ,Last name,2743.95,2743.95,0.00%
166887.00,First name ,Last name,1768.22,1768.22,0.00%
166908.00,First name ,Last name,2341.56,2341.56,0.00%
166910.00,First name ,Last name,2011.91,2011.91,0.00%
166916.00,First name ,Last name,202.00,202.00,0.00%
166957.00,First name ,Last name,11897.09,11897.09,0.00%
166960.00,First name ,Last name,1145.97,1145.97,0.00%
166971.00,First name ,Last name,2112.93,2112.93,0.00%
167023.00,First name ,Last name,3112.54,3112.54,0.00%
167110.00,First name ,Last name,570.79,570.79,0.00%
167112.00,First name ,Last name,55.11,55.11,0.00%
167114.00,First name ,Last name,1885.41,1885.41,0.00%
167207.00,First name ,Last name,2257.68,2257.68,0.00%
167214.00,First name ,Last name,1534.05,1534.05,0.00%
167227.00,First name ,Last name,2874.49,2874.48,-1.00%
167273.00,First name ,Last name,1158.56,1158.56,0.00%
167283.00,First name ,Last name,1803.26,1803.26,0.00%
167286.00,First name ,Last name,1999.93,1999.93,0.00%
167289.00,First name ,Last name,1769.03,1769.03,0.00%
167305.00,First name ,Last name,8304.63,8304.63,0.00%
167325.00,First name ,Last name,53.69,53.69,0.00%
167395.00,First name ,Last name,3251.75,3251.75,0.00%
167493.00,First name ,Last name,2194.87,2194.87,0.00%
167543.00,First name ,Last name,2189.96,2190.19,23.00%
167544.00,First name ,Last name,25.72,25.72,0.00%
167552.00,First name ,Last name,1327.16,1327.16,0.00%
167572.00,First name ,Last name,349.05,349.05,0.00%
167583.00,First name ,Last name,3435.87,3435.89,2.00%
167906.00,First name ,Last name,1180.24,1180.24,0.00%
167914.00,First name ,Last name,1661.81,1661.82,1.00%
167919.00,First name ,Last name,1613.38,1613.38,0.00%
167920.00,First name ,Last name,2526.41,2526.42,1.00%
167921.00,First name ,Last name,4915.83,4915.83,0.00%
168032.00,First name ,Last name,3508.14,3508.15,1.00%
168040.00,First name ,Last name,2896.99,2896.99,0.00%
168046.00,First name ,Last name,114.85,114.85,0.00%
168173.00,First name ,Last name,526.05,526.05,0.00%
168202.00,First name ,Last name,1721.83,1721.63,-20.00%
168267.00,First name ,Last name,2087.90,2087.90,0.00%
168280.00,First name ,Last name,24.01,24.01,0.00%
168303.00,First name ,Last name,4641.23,4641.23,0.00%
168345.00,First name ,Last name,595.92,595.92,0.00%
168411.00,First name ,Last name,7730.42,7730.42,0.00%
168415.00,First name ,Last name,352.98,352.98,0.00%
168423.00,First name ,Last name,1172.91,1172.91,0.00%
168424.00,First name ,Last name,3113.82,3113.45,-37.00%
168430.00,First name ,Last name,2321.02,2321.02,0.00%
168454.00,First name ,Last name,1264.62,1264.62,0.00%
168465.00,First name ,Last name,2657.89,2657.91,2.00%
168472.00,First name ,Last name,3004.43,3004.43,0.00%
168483.00,First name ,Last name,69.12,69.12,0.00%
168484.00,First name ,Last name,1971.14,1971.16,2.00%
168556.00,First name ,Last name,2051.11,2051.11,0.00%
168620.00,First name ,Last name,2149.35,2149.35,0.00%
168709.00,First name ,Last name,23.04,23.04,0.00%
168717.00,First name ,Last name,14538.24,14538.24,0.00%
168784.00,First name ,Last name,1569.97,1569.96,-1.00%
168799.00,First name ,Last name,67.77,67.77,0.00%
168822.00,First name ,Last name,1393.99,1393.99,0.00%
168837.00,First name ,Last name,2863.93,2863.93,0.00%
168965.00,First name ,Last name,3178.44,3178.44,0.00%
168967.00,First name ,Last name,23.42,23.42,0.00%
168976.00,First name ,Last name,6371.79,6371.79,0.00%
169117.00,First name ,Last name,921.28,921.28,0.00%
169129.00,First name ,Last name,5041.73,5041.73,0.00%
169131.00,First name ,Last name,1462.35,1462.35,0.00%
169166.00,First name ,Last name,2845.79,2845.79,0.00%
169245.00,First name ,Last name,2197.02,2197.02,0.00%
169294.00,First name ,Last name,2142.62,2142.62,0.00%
169311.00,First name ,Last name,1620.24,1620.24,0.00%
169314.00,First name ,Last name,2311.34,2311.35,1.00%
169321.00,First name ,Last name,1438.88,1438.88,0.00%
169330.00,First name ,Last name,1867.77,1867.77,0.00%
169348.00,First name ,Last name,1822.05,1822.05,0.00%
169383.00,First name ,Last name,945.89,945.89,0.00%
169401.00,First name ,Last name,83.40,83.40,0.00%
169416.00,First name ,Last name,0.00,0.00,0.00%
169469.00,First name ,Last name,2062.98,2063.00,2.00%
169558.00,First name ,Last name,3124.64,3124.64,0.00%
169563.00,First name ,Last name,3616.07,3616.10,3.00%
169605.00,First name ,Last name,1542.86,1542.86,0.00%
169718.00,First name ,Last name,3918.02,3918.42,40.00%
169781.00,First name ,Last name,2260.82,2260.83,1.00%
169806.00,First name ,Last name,873.03,873.03,0.00%
169825.00,First name ,Last name,1595.06,1595.07,1.00%
169826.00,First name ,Last name,72.38,72.38,0.00%
169866.00,First name ,Last name,1598.17,1598.19,2.00%
169908.00,First name ,Last name,1611.52,1611.54,2.00%
169935.00,First name ,Last name,0.00,0.00,0.00%
169984.00,First name ,Last name,2453.25,2453.25,0.00%
170111.00,First name ,Last name,1566.81,1566.82,1.00%
170150.00,First name ,Last name,1565.45,1565.46,1.00%
170281.00,First name ,Last name,2198.82,2198.84,2.00%
170450.00,First name ,Last name,2184.36,2184.53,17.00%
170451.00,First name ,Last name,19.21,19.21,0.00%
170454.00,First name ,Last name,873.03,873.03,0.00%
170590.00,First name ,Last name,2632.87,2632.87,0.00%
170594.00,First name ,Last name,132.42,132.42,0.00%
170595.00,First name ,Last name,10.93,10.93,0.00%
170608.00,First name ,Last name,9368.53,9368.53,0.00%
170659.00,First name ,Last name,1253.24,1253.24,0.00%
170663.00,First name ,Last name,351.05,351.05,0.00%
170671.00,First name ,Last name,1706.34,1706.34,0.00%
170677.00,First name ,Last name,3545.51,3545.51,0.00%
170678.00,First name ,Last name,3253.06,3253.07,1.00%
170704.00,First name ,Last name,3485.87,3485.90,3.00%
170922.00,First name ,Last name,2844.07,2843.67,-40.00%
170970.00,First name ,Last name,0.00,0.00,0.00%
171007.00,First name ,Last name,1473.76,1473.76,0.00%
171013.00,First name ,Last name,1523.13,1523.13,0.00%
171081.00,First name ,Last name,997.53,997.53,0.00%
171199.00,First name ,Last name,2515.97,2515.97,0.00%
171257.00,First name ,Last name,1561.24,1561.24,0.00%
171281.00,First name ,Last name,2333.98,2333.98,0.00%
171332.00,First name ,Last name,2213.54,2213.54,0.00%
171340.00,First name ,Last name,1805.95,1805.95,0.00%
171363.00,First name ,Last name,3494.10,3494.11,1.00%
171374.00,First name ,Last name,1813.86,1813.86,0.00%
171416.00,First name ,Last name,507.81,507.81,0.00%
171434.00,First name ,Last name,1845.24,1845.26,2.00%
171490.00,First name ,Last name,0.00,0.00,0.00%
171513.00,First name ,Last name,1651.22,1651.22,0.00%
171515.00,First name ,Last name,1643.91,1643.92,1.00%
171595.00,First name ,Last name,490.03,490.03,0.00%
171625.00,First name ,Last name,0.00,0.00,0.00%
171658.00,First name ,Last name,9598.60,9598.60,0.00%
171662.00,First name ,Last name,0.00,0.00,0.00%
171670.00,First name ,Last name,1885.50,1885.51,1.00%
171673.00,First name ,Last name,1899.41,1899.42,1.00%
171680.00,First name ,Last name,96.95,96.95,0.00%
171753.00,First name ,Last name,162.96,162.96,0.00%
171777.00,First name ,Last name,0.00,0.00,0.00%
171778.00,First name ,Last name,151.12,151.12,0.00%
171812.00,First name ,Last name,1017.75,1017.75,0.00%
171892.00,First name ,Last name,5304.77,5304.77,0.00%
171901.00,First name ,Last name,5835.61,5835.61,0.00%
171905.00,First name ,Last name,9.82,9.82,0.00%
171958.00,First name ,Last name,299.54,299.54,0.00%
171995.00,First name ,Last name,5153.74,5153.74,0.00%
172013.00,First name ,Last name,0.00,0.00,0.00%
172018.00,First name ,Last name,4843.64,4843.64,0.00%
172027.00,First name ,Last name,3507.46,3507.47,1.00%
172028.00,First name ,Last name,1208.77,1208.78,1.00%
172051.00,First name ,Last name,1383.50,1383.49,-1.00%
172081.00,First name ,Last name,2060.03,2060.02,-1.00%
172175.00,First name ,Last name,2698.19,2697.99,-20.00%
172204.00,First name ,Last name,7575.44,7575.44,0.00%
172291.00,First name ,Last name,5229.11,5229.11,0.00%
172366.00,First name ,Last name,553.92,553.92,0.00%
172371.00,First name ,Last name,61.66,61.66,0.00%
172376.00,First name ,Last name,83.00,83.00,0.00%
172390.00,First name ,Last name,92.39,92.39,0.00%
172391.00,First name ,Last name,521.67,521.67,0.00%
172394.00,First name ,Last name,1117.12,1117.12,0.00%
172545.00,First name ,Last name,27.29,27.29,0.00%
172551.00,First name ,Last name,0.00,0.00,0.00%
172653.00,First name ,Last name,5177.58,5177.59,1.00%
172669.00,First name ,Last name,6973.06,6973.06,0.00%
172670.00,First name ,Last name,1833.57,1833.56,-1.00%
172674.00,First name ,Last name,836.53,836.53,0.00%
172677.00,First name ,Last name,81.92,81.92,0.00%
172685.00,First name ,Last name,137.99,137.99,0.00%
172687.00,First name ,Last name,1985.44,1985.44,0.00%
172688.00,First name ,Last name,7375.80,7375.80,0.00%
172689.00,First name ,Last name,0.00,0.00,0.00%
172704.00,First name ,Last name,0.00,0.00,0.00%
172708.00,First name ,Last name,4842.20,4842.20,0.00%
172710.00,First name ,Last name,2652.91,2652.91,0.00%
172748.00,First name ,Last name,1326.39,1326.39,0.00%
172759.00,First name ,Last name,2697.24,2697.25,1.00%
172760.00,First name ,Last name,1701.39,1701.39,0.00%
172782.00,First name ,Last name,253.15,253.15,0.00%
172792.00,First name ,Last name,2068.40,2068.40,0.00%
172795.00,First name ,Last name,86.65,86.65,0.00%
172820.00,First name ,Last name,8136.91,8136.91,0.00%
172856.00,First name ,Last name,1695.96,1695.96,0.00%
172880.00,First name ,Last name,1286.21,1286.21,0.00%
172891.00,First name ,Last name,1338.12,1338.12,0.00%
172894.00,First name ,Last name,2071.24,2071.26,2.00%
172897.00,First name ,Last name,2236.86,2236.86,0.00%
172927.00,First name ,Last name,1892.01,1892.02,1.00%
172949.00,First name ,Last name,0.00,0.00,0.00%
172951.00,First name ,Last name,1204.47,1204.47,0.00%
182247.00,First name ,Last name,1907.80,1907.79,-1.00%
182336.00,First name ,Last name,2051.90,2051.90,0.00%
182337.00,First name ,Last name,1713.10,1713.10,0.00%
182338.00,First name ,Last name,377.12,377.12,0.00%
182351.00,First name ,Last name,28.10,28.10,0.00%
182371.00,First name ,Last name,2708.36,2708.36,0.00%
182372.00,First name ,Last name,0.00,0.00,0.00%
182373.00,First name ,Last name,1367.09,1367.09,0.00%
182406.00,First name ,Last name,1390.36,1390.39,3.00%
182496.00,First name ,Last name,2741.60,2741.62,2.00%
182497.00,First name ,Last name,1498.78,1498.78,0.00%
182499.00,First name ,Last name,1449.25,1449.25,0.00%
182500.00,First name ,Last name,1879.38,1879.38,0.00%
182522.00,First name ,Last name,987.32,987.32,0.00%
182534.00,First name ,Last name,5072.24,5072.24,0.00%
182536.00,First name ,Last name,284.88,284.88,0.00%
182554.00,First name ,Last name,2078.75,2078.75,0.00%
182652.00,First name ,Last name,199.74,199.74,0.00%
182701.00,First name ,Last name,1109.64,1109.63,-1.00%
182710.00,First name ,Last name,1263.42,1263.42,0.00%
182711.00,First name ,Last name,1552.83,1552.83,0.00%
182714.00,First name ,Last name,2771.73,2771.72,-1.00%
182715.00,First name ,Last name,1384.67,1384.67,0.00%
182717.00,First name ,Last name,0.00,0.00,0.00%
182764.00,First name ,Last name,5500.39,5500.41,2.00%
182769.00,First name ,Last name,1644.07,1644.07,0.00%
182789.00,First name ,Last name,831.27,831.26,-1.00%
182881.00,First name ,Last name,2051.79,2051.79,0.00%
182930.00,First name ,Last name,1659.00,1659.00,0.00%
182934.00,First name ,Last name,62.19,62.19,0.00%
182937.00,First name ,Last name,16.00,16.00,0.00%
182939.00,First name ,Last name,1284.46,1284.46,0.00%
182943.00,First name ,Last name,4.71,4.71,0.00%
183053.00,First name ,Last name,114.26,114.26,0.00%
183129.00,First name ,Last name,1517.64,1517.64,0.00%
183195.00,First name ,Last name,521.10,521.10,0.00%
183196.00,First name ,Last name,2640.29,2640.29,0.00%
183197.00,First name ,Last name,1723.67,1723.68,1.00%
183198.00,First name ,Last name,1180.65,1180.64,-1.00%
183203.00,First name ,Last name,1643.84,1643.86,2.00%
183291.00,First name ,Last name,1433.62,1433.62,0.00%
183298.00,First name ,Last name,69.05,69.05,0.00%
183304.00,First name ,Last name,1762.81,1762.82,1.00%
183308.00,First name ,Last name,5295.25,5295.24,-1.00%
183311.00,First name ,Last name,98.01,98.01,0.00%
183390.00,First name ,Last name,3429.95,3429.95,0.00%
183397.00,First name ,Last name,1936.50,1936.51,1.00%
183686.00,First name ,Last name,1801.14,1801.15,1.00%
183716.00,First name ,Last name,7263.55,7263.55,0.00%
184274.00,First name ,Last name,2125.46,2125.46,0.00%
184289.00,First name ,Last name,801.86,801.86,0.00%
184325.00,First name ,Last name,1782.99,1782.99,0.00%
188384.00,First name ,Last name,628.93,628.93,0.00%
188388.00,First name ,Last name,628.93,628.93,0.00%
188389.00,First name ,Last name,628.93,628.93,0.00%
188399.00,First name ,Last name,628.93,628.93,0.00%
188472.00,First name ,Last name,628.93,628.93,0.00%
188531.00,First name ,Last name,628.93,628.93,0.00%
234567.00,First name ,Last name,1704.94,1704.95,1.00%
234568.00,First name ,Last name,43.19,43.19,0.00%
234569.00,First name ,Last name,2861.50,2861.50,0.00%
234570.00,First name ,Last name,1847.14,1847.14,0.00%
234571.00,First name ,Last name,112.13,112.13,0.00%
234572.00,First name ,Last name,2089.08,2089.12,4.00%
234573.00,First name ,Last name,209.04,209.04,0.00%
234574.00,First name ,Last name,2790.13,2790.15,2.00%
234575.00,First name ,Last name,1470.24,1470.24,0.00%
234576.00,First name ,Last name,297.99,297.99,0.00%
234577.00,First name ,Last name,12158.37,12158.37,0.00%
234578.00,First name ,Last name,433.71,433.71,0.00%
234579.00,First name ,Last name,1884.81,1884.81,0.00%
234580.00,First name ,Last name,2935.31,2935.31,0.00%
234581.00,First name ,Last name,1613.67,1613.67,0.00%
234582.00,First name ,Last name,2097.97,2097.97,0.00%
234583.00,First name ,Last name,3325.78,3325.79,1.00%
234584.00,First name ,Last name,1600.62,1600.65,3.00%
234585.00,First name ,Last name,652.48,652.47,-1.00%
234586.00,First name ,Last name,3023.98,3023.98,0.00%
234587.00,First name ,Last name,1716.21,1716.21,0.00%
234588.00,First name ,Last name,0.00,0.00,0.00%
234589.00,First name ,Last name,3680.60,3680.62,2.00%
234590.00,First name ,Last name,502.34,502.35,1.00%
234591.00,First name ,Last name,1132.50,1132.50,0.00%
234592.00,First name ,Last name,1915.00,1915.00,0.00%
234593.00,First name ,Last name,2332.67,2332.67,0.00%
234594.00,First name ,Last name,2185.81,2185.81,0.00%
234595.00,First name ,Last name,2858.94,2858.94,0.00%
234596.00,First name ,Last name,399.98,399.98,0.00%
234597.00,First name ,Last name,793.65,793.65,0.00%
234598.00,First name ,Last name,2841.53,2841.53,0.00%
234599.00,First name ,Last name,1905.72,1905.73,1.00%
234600.00,First name ,Last name,1484.28,1484.28,0.00%
234601.00,First name ,Last name,1638.41,1638.41,0.00%
234602.00,First name ,Last name,1959.25,1959.25,0.00%
234603.00,First name ,Last name,1412.20,1412.20,0.00%
234604.00,First name ,Last name,1864.33,1864.33,0.00%
234605.00,First name ,Last name,5049.01,5049.01,0.00%
234606.00,First name ,Last name,2710.31,2710.31,0.00%
234607.00,First name ,Last name,948.61,948.61,0.00%
234608.00,First name ,Last name,1594.91,1594.90,-1.00%
234609.00,First name ,Last name,2941.56,2941.59,3.00%
234610.00,First name ,Last name,542.50,542.50,0.00%
234611.00,First name ,Last name,1598.17,1598.17,0.00%
234612.00,First name ,Last name,2031.54,2031.54,0.00%
234613.00,First name ,Last name,2004.37,2004.37,0.00%
234614.00,First name ,Last name,2583.59,2583.60,1.00%
234615.00,First name ,Last name,2465.62,2465.62,0.00%
234616.00,First name ,Last name,2953.96,2953.96,0.00%
234617.00,First name ,Last name,1041.65,1041.65,0.00%
234618.00,First name ,Last name,100.00,100.00,0.00%
234619.00,First name ,Last name,1209.84,1209.84,0.00%
234620.00,First name ,Last name,3169.46,3169.46,0.00%
234621.00,First name ,Last name,1795.12,1795.12,0.00%
234622.00,First name ,Last name,2819.32,2819.34,2.00%
234623.00,First name ,Last name,3615.17,3615.17,0.00%
234624.00,First name ,Last name,1517.26,1517.26,0.00%
234625.00,First name ,Last name,3441.94,3441.94,0.00%
234626.00,First name ,Last name,3712.54,3712.54,0.00%
234627.00,First name ,Last name,22812.05,22812.05,0.00%
234628.00,First name ,Last name,2399.66,2399.68,2.00%
234629.00,First name ,Last name,2716.03,2716.03,0.00%
234630.00,First name ,Last name,2336.96,2336.96,0.00%
234631.00,First name ,Last name,3349.59,3349.59,0.00%
234632.00,First name ,Last name,1612.15,1612.15,0.00%
234633.00,First name ,Last name,2278.18,2278.18,0.00%
234634.00,First name ,Last name,2933.45,2933.45,0.00%
234635.00,First name ,Last name,4175.53,4175.53,0.00%
234636.00,First name ,Last name,9120.52,9120.52,0.00%
234637.00,First name ,Last name,3087.10,3087.10,0.00%
234638.00,First name ,Last name,3813.28,3813.31,3.00%
234639.00,First name ,Last name,1483.57,1483.57,0.00%
234640.00,First name ,Last name,2222.56,2222.56,0.00%
234641.00,First name ,Last name,2520.29,2520.29,0.00%
234642.00,First name ,Last name,197.56,197.56,0.00%
234643.00,First name ,Last name,3103.02,3103.02,0.00%
234644.00,First name ,Last name,2844.69,2844.69,0.00%
234645.00,First name ,Last name,1508.02,1508.02,0.00%
234646.00,First name ,Last name,104.80,104.80,0.00%
234647.00,First name ,Last name,1887.91,1887.91,0.00%
234648.00,First name ,Last name,3128.28,3128.28,0.00%
234649.00,First name ,Last name,42.45,42.45,0.00%
234650.00,First name ,Last name,1309.20,1309.20,0.00%
234651.00,First name ,Last name,1393.77,1393.77,0.00%
234652.00,First name ,Last name,2197.76,2197.75,-1.00%
234653.00,First name ,Last name,1308.95,1308.95,0.00%
234654.00,First name ,Last name,1595.89,1595.89,0.00%
234655.00,First name ,Last name,1865.72,1865.72,0.00%
234656.00,First name ,Last name,2381.33,2381.33,0.00%
234657.00,First name ,Last name,2446.79,2446.79,0.00%
234658.00,First name ,Last name,2485.70,2485.70,0.00%
234659.00,First name ,Last name,2648.31,2648.31,0.00%
234660.00,First name ,Last name,183.79,183.79,0.00%
234661.00,First name ,Last name,3028.08,3028.08,0.00%
234662.00,First name ,Last name,350.20,350.20,0.00%
234663.00,First name ,Last name,1583.96,1583.96,0.00%
234664.00,First name ,Last name,2542.81,2542.81,0.00%
234665.00,First name ,Last name,2365.04,2365.04,0.00%
234666.00,First name ,Last name,127.34,127.34,0.00%
234667.00,First name ,Last name,258.52,258.52,0.00%
234668.00,First name ,Last name,1544.37,1544.37,0.00%
234669.00,First name ,Last name,3257.11,3257.11,0.00%
234670.00,First name ,Last name,1996.12,1996.12,0.00%
234671.00,First name ,Last name,2569.38,2569.38,0.00%
234672.00,First name ,Last name,2314.56,2314.56,0.00%
234673.00,First name ,Last name,2088.28,2088.28,0.00%
234674.00,First name ,Last name,7448.24,7448.26,2.00%
234675.00,First name ,Last name,106.37,106.37,0.00%
234676.00,First name ,Last name,1500.54,1500.54,0.00%
234677.00,First name ,Last name,1678.27,1678.27,0.00%
234678.00,First name ,Last name,2169.61,2169.61,0.00%
234679.00,First name ,Last name,1506.07,1506.07,0.00%
234680.00,First name ,Last name,574.24,574.24,0.00%
234681.00,First name ,Last name,9232.22,9232.22,0.00%
234682.00,First name ,Last name,2677.37,2677.37,0.00%
234683.00,First name ,Last name,1291.32,1291.34,2.00%
234684.00,First name ,Last name,2877.32,2877.32,0.00%
234685.00,First name ,Last name,2787.54,2787.54,0.00%
234686.00,First name ,Last name,737.45,737.45,0.00%
234687.00,First name ,Last name,2251.23,2251.23,0.00%
234688.00,First name ,Last name,2163.80,2163.80,0.00%
234689.00,First name ,Last name,263.09,263.09,0.00%
234690.00,First name ,Last name,2175.51,2175.51,0.00%
234691.00,First name ,Last name,1346.52,1346.52,0.00%
234692.00,First name ,Last name,860.96,860.96,0.00%
234693.00,First name ,Last name,126.29,126.29,0.00%
234694.00,First name ,Last name,2242.82,2242.82,0.00%
234695.00,First name ,Last name,2670.69,2670.68,-1.00%
234696.00,First name ,Last name,1729.71,1729.71,0.00%
234697.00,First name ,Last name,2476.22,2475.84,-38.00%
234698.00,First name ,Last name,2070.88,2070.88,0.00%
234699.00,First name ,Last name,3176.92,3176.92,0.00%
234700.00,First name ,Last name,2560.27,2560.27,0.00%
234701.00,First name ,Last name,1368.28,1368.28,0.00%
234702.00,First name ,Last name,2272.42,2272.42,0.00%
234703.00,First name ,Last name,2478.06,2477.86,-20.00%
234704.00,First name ,Last name,0.00,0.00,0.00%
234705.00,First name ,Last name,2661.25,2661.25,0.00%
234706.00,First name ,Last name,2293.74,2293.75,1.00%
234707.00,First name ,Last name,942.79,942.79,0.00%
234708.00,First name ,Last name,2281.35,2281.35,0.00%
234709.00,First name ,Last name,1359.62,1359.62,0.00%
234710.00,First name ,Last name,2752.03,2752.04,1.00%
234711.00,First name ,Last name,2184.39,2184.39,0.00%
234712.00,First name ,Last name,1410.89,1410.89,0.00%
234713.00,First name ,Last name,2577.55,2577.55,0.00%
234714.00,First name ,Last name,2251.19,2251.19,0.00%
234715.00,First name ,Last name,2538.52,2538.52,0.00%
234716.00,First name ,Last name,379.38,379.38,0.00%
234717.00,First name ,Last name,427.17,427.17,0.00%
234718.00,First name ,Last name,2217.19,2217.20,1.00%
234719.00,First name ,Last name,1402.15,1402.16,1.00%
234720.00,First name ,Last name,2147.53,2147.56,3.00%
234721.00,First name ,Last name,2948.60,2948.60,0.00%
234722.00,First name ,Last name,2524.70,2524.71,1.00%
234723.00,First name ,Last name,1907.26,1907.26,0.00%
234724.00,First name ,Last name,1165.10,1165.10,0.00%
234725.00,First name ,Last name,1050.76,1050.76,0.00%
234726.00,First name ,Last name,741.95,741.93,-2.00%
234727.00,First name ,Last name,2011.31,2011.31,0.00%
234728.00,First name ,Last name,1347.52,1347.52,0.00%
234729.00,First name ,Last name,4172.89,4172.89,0.00%
234730.00,First name ,Last name,2027.28,2027.28,0.00%
234731.00,First name ,Last name,18.60,18.60,0.00%
234732.00,First name ,Last name,1898.94,1898.94,0.00%
234733.00,First name ,Last name,3781.25,3781.07,-18.00%
234734.00,First name ,Last name,3957.84,3957.84,0.00%
234735.00,First name ,Last name,1578.90,1578.90,0.00%
234736.00,First name ,Last name,2737.24,2737.25,1.00%
234737.00,First name ,Last name,1354.57,1354.57,0.00%
234738.00,First name ,Last name,2191.02,2191.02,0.00%
234739.00,First name ,Last name,2405.31,2405.31,0.00%
234740.00,First name ,Last name,305.19,305.19,0.00%
234741.00,First name ,Last name,2146.70,2146.69,-1.00%
234742.00,First name ,Last name,3243.01,3243.01,0.00%
234743.00,First name ,Last name,1456.70,1456.73,3.00%
234744.00,First name ,Last name,1525.39,1525.39,0.00%
234745.00,First name ,Last name,3184.37,3184.48,11.00%
234746.00,First name ,Last name,435.84,435.84,0.00%
234747.00,First name ,Last name,2203.78,2203.78,0.00%
234748.00,First name ,Last name,3277.28,3277.28,0.00%
234749.00,First name ,Last name,2263.66,2263.86,20.00%
234750.00,First name ,Last name,2531.71,2531.71,0.00%
234751.00,First name ,Last name,2466.22,2466.22,0.00%
234752.00,First name ,Last name,1833.66,1833.66,0.00%
234753.00,First name ,Last name,1750.86,1750.86,0.00%
234754.00,First name ,Last name,3179.05,3179.05,0.00%
234755.00,First name ,Last name,1902.10,1902.10,0.00%
234756.00,First name ,Last name,1848.96,1848.99,3.00%
234757.00,First name ,Last name,3433.92,3433.92,0.00%
234758.00,First name ,Last name,2251.92,2251.92,0.00%
234759.00,First name ,Last name,1862.90,1862.90,0.00%
234760.00,First name ,Last name,3060.58,3060.58,0.00%
234761.00,First name ,Last name,3450.65,3450.65,0.00%
234762.00,First name ,Last name,180.50,180.50,0.00%
234763.00,First name ,Last name,773.32,773.32,0.00%
234764.00,First name ,Last name,467.73,467.73,0.00%
234765.00,First name ,Last name,1357.62,1357.62,0.00%
234766.00,First name ,Last name,2160.57,2160.57,0.00%
234767.00,First name ,Last name,2060.50,2060.49,-1.00%
234768.00,First name ,Last name,1811.19,1811.19,0.00%
234769.00,First name ,Last name,1743.51,1743.51,0.00%
234770.00,First name ,Last name,488.89,488.89,0.00%
234771.00,First name ,Last name,1768.04,1768.04,0.00%
234772.00,First name ,Last name,3424.78,3424.78,0.00%
234773.00,First name ,Last name,2930.65,2930.65,0.00%
234774.00,First name ,Last name,2754.06,2754.07,1.00%
234775.00,First name ,Last name,2279.33,2279.33,0.00%
234776.00,First name ,Last name,1440.09,1440.09,0.00%
234777.00,First name ,Last name,2837.21,2837.20,-1.00%
234778.00,First name ,Last name,1678.26,1678.26,0.00%
234779.00,First name ,Last name,2020.83,2020.83,0.00%
234780.00,First name ,Last name,3132.04,3132.04,0.00%
234781.00,First name ,Last name,2027.26,2027.26,0.00%
234782.00,First name ,Last name,1814.11,1814.11,0.00%
234783.00,First name ,Last name,1818.21,1818.21,0.00%
234784.00,First name ,Last name,1979.52,1979.52,0.00%
234785.00,First name ,Last name,1360.01,1360.01,0.00%
234786.00,First name ,Last name,1765.25,1765.30,5.00%
234787.00,First name ,Last name,2499.56,2499.56,0.00%
234788.00,First name ,Last name,391.11,391.11,0.00%
234789.00,First name ,Last name,1946.38,1946.40,2.00%
234790.00,First name ,Last name,1338.12,1338.12,0.00%
234791.00,First name ,Last name,1683.66,1683.66,0.00%
234792.00,First name ,Last name,2028.73,2028.73,0.00%
234793.00,First name ,Last name,1255.82,1255.82,0.00%
234794.00,First name ,Last name,4775.37,4775.37,0.00%
234795.00,First name ,Last name,5348.91,5348.91,0.00%
234796.00,First name ,Last name,2469.11,2469.10,-1.00%
234797.00,First name ,Last name,2636.36,2636.36,0.00%
234798.00,First name ,Last name,2003.78,2003.78,0.00%
234799.00,First name ,Last name,2284.00,2284.00,0.00%
234800.00,First name ,Last name,1739.26,1739.26,0.00%
234801.00,First name ,Last name,2943.78,2943.78,0.00%
234802.00,First name ,Last name,3066.92,3066.92,0.00%
234803.00,First name ,Last name,2312.06,2312.08,2.00%
234804.00,First name ,Last name,2946.64,2946.68,4.00%
234805.00,First name ,Last name,2383.53,2383.53,0.00%
234806.00,First name ,Last name,1833.55,1833.54,-1.00%
234807.00,First name ,Last name,1630.82,1630.82,0.00%
234808.00,First name ,Last name,468.99,468.94,-5.00%
234809.00,First name ,Last name,3039.38,3039.38,0.00%
234810.00,First name ,Last name,1182.53,1182.53,0.00%
234811.00,First name ,Last name,0.00,2926.08,292608.00%
234812.00,First name ,Last name,2926.08,2339.47,-58661.00%
234813.00,First name ,Last name,2339.47,1382.65,-95682.00%
234814.00,First name ,Last name,1382.65,1522.50,13985.00%
234815.00,First name ,Last name,1522.50,2519.24,99674.00%
234816.00,First name ,Last name,2519.24,2206.09,-31315.00%
234817.00,First name ,Last name,2206.09,1792.37,-41372.00%
234818.00,First name ,Last name,1792.37,1912.10,11973.00%
234819.00,First name ,Last name,1912.10,1971.42,5932.00%
234820.00,First name ,Last name,1971.41,2732.62,76121.00%
234821.00,First name ,Last name,2732.60,3185.33,45273.00%
234822.00,First name ,Last name,3185.32,1140.65,-204467.00%
234823.00,First name ,Last name,1140.66,2161.20,102054.00%
234824.00,First name ,Last name,2161.20,2159.36,-184.00%
234825.00,First name ,Last name,2159.36,1195.30,-96406.00%
234826.00,First name ,Last name,1195.30,778.91,-41639.00%
234827.00,First name ,Last name,778.91,2479.14,170023.00%
234828.00,First name ,Last name,2479.15,1539.15,-94000.00%
234829.00,First name ,Last name,1539.15,2012.64,47349.00%
234830.00,First name ,Last name,2012.64,4132.72,212008.00%
234831.00,First name ,Last name,4132.72,1620.17,-251255.00%
234832.00,First name ,Last name,1620.17,545.67,-107450.00%
234833.00,First name ,Last name,545.67,1246.50,70083.00%
234834.00,First name ,Last name,1246.50,1993.41,74691.00%
234835.00,First name ,Last name,1993.38,4627.25,263387.00%
234836.00,First name ,Last name,4627.25,3660.37,-96688.00%
234837.00,First name ,Last name,3660.37,2533.36,-112701.00%
234838.00,First name ,Last name,2533.34,2623.61,9027.00%
234839.00,First name ,Last name,2623.61,3313.21,68960.00%
234840.00,First name ,Last name,3313.21,2459.64,-85357.00%
234841.00,First name ,Last name,2459.64,268.79,-219085.00%
234842.00,First name ,Last name,268.79,2823.31,255452.00%
234843.00,First name ,Last name,2823.31,1912.37,-91094.00%
234844.00,First name ,Last name,1912.38,1687.38,-22500.00%
234845.00,First name ,Last name,1687.38,1858.75,17137.00%
234846.00,First name ,Last name,1858.75,4101.00,224225.00%
234847.00,First name ,Last name,4101.00,1980.33,-212067.00%
234848.00,First name ,Last name,1980.33,1824.96,-15537.00%
234849.00,First name ,Last name,0.00,1478.60,147860.00%
234850.00,First name ,Last name,0.00,2108.68,210868.00%
234851.00,First name ,Last name,0.00,1636.81,163681.00%
234852.00,First name ,Last name,0.00,1967.86,196786.00%
600002.00,First name ,Last name,1688.08,1688.08,0.00%
600007.00,First name ,Last name,1430.62,1430.62,0.00%
600010.00,First name ,Last name,2060.23,2060.45,22.00%
600013.00,First name ,Last name,1998.19,1998.19,0.00%
600016.00,First name ,Last name,2104.48,2104.29,-19.00%
600017.00,First name ,Last name,2951.74,2951.74,0.00%
600021.00,First name ,Last name,3207.09,3207.11,2.00%
600022.00,First name ,Last name,3724.44,3724.46,2.00%
600023.00,First name ,Last name,514.95,514.94,-1.00%
600025.00,First name ,Last name,2207.96,2207.96,0.00%
600027.00,First name ,Last name,2396.51,2396.51,0.00%
600028.00,First name ,Last name,2047.00,2047.00,0.00%
600030.00,First name ,Last name,349.96,349.96,0.00%
600034.00,First name ,Last name,1986.31,1986.33,2.00%
600036.00,First name ,Last name,1321.41,1321.41,0.00%
600048.00,First name ,Last name,2850.66,2850.67,1.00%
600055.00,First name ,Last name,2366.38,2366.40,2.00%
600060.00,First name ,Last name,446.48,446.48,0.00%
600061.00,First name ,Last name,1425.37,1425.38,1.00%
600063.00,First name ,Last name,2522.24,2522.23,-1.00%
600064.00,First name ,Last name,1485.86,1485.86,0.00%
600067.00,First name ,Last name,3717.12,3716.73,-39.00%
600068.00,First name ,Last name,2465.05,2465.05,0.00%
600074.00,First name ,Last name,1947.88,1947.88,0.00%
600076.00,First name ,Last name,1088.13,1088.13,0.00%
600077.00,First name ,Last name,917.28,917.28,0.00%
600083.00,First name ,Last name,3287.64,3287.64,0.00%
600090.00,First name ,Last name,1431.50,1431.50,0.00%
600091.00,First name ,Last name,1539.51,1539.51,0.00%
600093.00,First name ,Last name,675.29,675.29,0.00%
600097.00,First name ,Last name,988.47,988.47,0.00%
600099.00,First name ,Last name,4964.29,4964.70,41.00%
600100.00,First name ,Last name,1930.01,1930.01,0.00%
600104.00,First name ,Last name,1744.29,1744.29,0.00%
600106.00,First name ,Last name,1399.58,1399.58,0.00%
600107.00,First name ,Last name,3444.36,3444.38,2.00%
600109.00,First name ,Last name,1499.38,1499.38,0.00%
600111.00,First name ,Last name,397.49,397.49,0.00%
600112.00,First name ,Last name,1809.29,1809.30,1.00%
600113.00,First name ,Last name,2522.09,2522.09,0.00%
600116.00,First name ,Last name,3137.00,3137.00,0.00%
600123.00,First name ,Last name,928.88,928.88,0.00%
600131.00,First name ,Last name,23456.79,23456.79,0.00%
600132.00,First name ,Last name,3731.56,3731.59,3.00%
600135.00,First name ,Last name,1882.75,1882.75,0.00%
600141.00,First name ,Last name,1832.61,1832.62,1.00%
600148.00,First name ,Last name,1893.94,1893.94,0.00%
600150.00,First name ,Last name,34.22,34.22,0.00%
600161.00,First name ,Last name,4332.56,4332.56,0.00%
600162.00,First name ,Last name,2026.68,2026.68,0.00%
600163.00,First name ,Last name,2032.97,2032.97,0.00%
600166.00,First name ,Last name,3485.78,3485.58,-20.00%
600190.00,First name ,Last name,1640.57,1640.59,2.00%
600192.00,First name ,Last name,1997.09,1997.09,0.00%
600194.00,First name ,Last name,622.74,622.74,0.00%
600197.00,First name ,Last name,2824.90,2824.90,0.00%
600202.00,First name ,Last name,1712.59,1712.59,0.00%
600204.00,First name ,Last name,953.34,953.34,0.00%
600206.00,First name ,Last name,2110.13,2110.13,0.00%
600209.00,First name ,Last name,2500.34,2500.35,1.00%
600214.00,First name ,Last name,1441.71,1441.71,0.00%
600218.00,First name ,Last name,1183.12,1183.12,0.00%
600221.00,First name ,Last name,1284.75,1284.75,0.00%
600222.00,First name ,Last name,4326.93,4326.93,0.00%
600223.00,First name ,Last name,2806.95,2806.95,0.00%
600224.00,First name ,Last name,3161.17,3161.17,0.00%
600233.00,First name ,Last name,2944.84,2944.84,0.00%
600244.00,First name ,Last name,1181.97,1181.97,0.00%
600245.00,First name ,Last name,1639.11,1639.11,0.00%
600249.00,First name ,Last name,1407.17,1407.17,0.00%
600253.00,First name ,Last name,2055.12,2055.12,0.00%
600255.00,First name ,Last name,5983.46,5983.46,0.00%
600258.00,First name ,Last name,350.44,350.44,0.00%
600270.00,First name ,Last name,951.82,951.82,0.00%
600273.00,First name ,Last name,1847.54,1847.53,-1.00%
600282.00,First name ,Last name,2514.40,2514.40,0.00%
600283.00,First name ,Last name,1346.88,1346.87,-1.00%
600301.00,First name ,Last name,2529.78,2529.78,0.00%
600302.00,First name ,Last name,1838.81,1838.81,0.00%
600308.00,First name ,Last name,1509.13,1509.33,20.00%
600314.00,First name ,Last name,2643.15,2643.15,0.00%
600319.00,First name ,Last name,2086.48,2086.48,0.00%
600326.00,First name ,Last name,2006.97,2007.17,20.00%
600327.00,First name ,Last name,1891.59,1891.59,0.00%
600338.00,First name ,Last name,1710.31,1710.31,0.00%
600339.00,First name ,Last name,697.34,697.34,0.00%
600341.00,First name ,Last name,3396.63,3396.64,1.00%
600347.00,First name ,Last name,1710.47,1710.47,0.00%
600350.00,First name ,Last name,4512.28,4512.30,2.00%
600355.00,First name ,Last name,1625.42,1625.42,0.00%
600359.00,First name ,Last name,1785.18,1785.18,0.00%
600362.00,First name ,Last name,2122.30,2122.30,0.00%
600367.00,First name ,Last name,987.53,987.53,0.00%
600386.00,First name ,Last name,2169.27,2169.27,0.00%
600389.00,First name ,Last name,2517.50,2517.51,1.00%
30169383.00,First name ,Last name,605.56,605.56,0.00%
